SSID,Date,Time,Down,Up,Ping
SSID:HOME,04/06/20,09:48,6.13,1.10,38.53
SSID:HOME,04/06/20,09:50,6.21,1.20,36.009
SSID:HOME,04/06/20,10:16,6.73,1.01,44.932
SSID:HOME,04/06/20,11:22,6.90,1.13,42.428
SSID:HOME,04/06/20,11:49,3.25,0.80,44.557
SSID:HOME,04/06/20,11:49,3.60,0.62,44.427
SSID:HOME,04/06/20,12:00,6.62,1.48,43.962
SSID:HOME,04/06/20,13:00,6.60,0.98,40.825
SSID:HOME,04/06/20,14:00,5.05,1.32,40.74
SSID:HOME,04/06/20,15:00,4.96,1.30,40.619
SSID:HOME,04/06/20,16:00,6.30,1.25,44.613
SSID:HOME,04/06/20,17:00,6.82,1.25,39.121
SSID:HOME,04/06/20,18:00,6.79,1.39,35.009
SSID:HOME,04/06/20,19:00,6.89,1.33,40.431
SSID:HOME,04/06/20,20:00,6.81,1.01,37.994
SSID:HOME,04/06/20,21:00,6.50,1.31,42.682
SSID:HOME,04/06/20,22:00,6.57,0.88,272.96
SSID:HOME,04/06/20,23:00,6.78,1.09,36.645
SSID:HOME,04/07/20,00:00,6.86,1.36,36.421
SSID:HOME,04/07/20,01:00,6.40,1.26,40.881
SSID:HOME,04/07/20,02:00,4.12,0.82,35.554
SSID:HOME,04/07/20,03:00,6.69,1.24,36.082
SSID:HOME,04/07/20,04:00,6.78,1.25,36.481
SSID:HOME,04/07/20,05:00,6.76,1.27,38.986
SSID:HOME,04/07/20,06:00,6.82,1.46,35.053
SSID:HOME,04/07/20,07:00,6.77,1.04,48.086
SSID:HOME,04/07/20,08:00,6.79,1.08,39.34
SSID:HOME,04/07/20,09:00,6.92,0.80,41.203
SSID:HOME,04/07/20,10:00,6.81,1.38,40.079
SSID:HOME,04/07/20,11:00,6.55,0.86,39.208
SSID:HOME,04/07/20,12:00,6.61,1.40,39.589
SSID:HOME,04/07/20,13:00,6.21,0.95,42.908
SSID:HOME,04/07/20,14:00,6.96,0.91,39.625
SSID:HOME,04/07/20,15:00,6.95,1.17,42.432
SSID:HOME,04/07/20,16:00,6.98,1.11,40.256
SSID:HOME,04/07/20,17:00,6.87,1.06,41.875
SSID:HOME,04/07/20,18:00,6.57,0.99,38.47
SSID:HOME,04/07/20,19:04,6.87,1.13,39.535
SSID:HOME,04/07/20,20:00,6.53,1.34,35.637
SSID:HOME,04/07/20,21:00,6.90,1.25,40.921
SSID:HOME,04/07/20,22:00,6.90,1.05,36.904
SSID:HOME,04/07/20,23:00,6.92,1.18,37.853
SSID:HOME,04/08/20,00:00,6.83,1.30,35.887
SSID:HOME,04/08/20,01:00,6.76,1.02,39.323
SSID:HOME,04/08/20,02:00,6.87,1.21,37.844
SSID:HOME,04/08/20,03:00,6.90,1.26,37.217
SSID:HOME,04/08/20,04:00,6.94,1.38,33.934
SSID:HOME,04/08/20,05:00,6.86,1.21,39.23
SSID:HOME,04/08/20,06:00,6.20,1.28,41.15
SSID:HOME,04/08/20,07:00,4.02,1.16,38.129
SSID:HOME,04/08/20,08:00,6.62,1.23,38.508
SSID:HOME,04/08/20,09:00,6.41,1.07,42.572
SSID:HOME,04/08/20,10:00,5.82,1.29,42.087
SSID:HOME,04/08/20,11:00,4.22,1.18,65.247
SSID:HOME,04/08/20,12:00,4.71,0.72,44.459
SSID:HOME,04/08/20,13:00,6.89,1.24,36.483
SSID:HOME,04/08/20,14:00,6.55,1.07,36.832
SSID:HOME,04/08/20,15:00,6.64,1.26,39.365
SSID:HOME,04/08/20,16:23,3.48,1.12,38.068
SSID:HOME,04/08/20,17:00,6.60,1.10,39.388
SSID:HOME,04/08/20,18:00,4.75,1.26,185.379
SSID:HOME,04/08/20,19:00,7.00,1.42,37.467
SSID:HOME,04/08/20,20:00,6.06,1.43,42.186
SSID:HOME,04/08/20,21:00,4.66,1.14,49.723
SSID:HOME,04/08/20,22:00,4.99,1.21,51.545
SSID:HOME,04/08/20,23:00,6.44,1.34,39.134
SSID:HOME,04/09/20,00:00,6.59,1.18,38.959
SSID:HOME,04/09/20,01:00,6.96,1.18,36.874
SSID:HOME,04/09/20,02:00,6.46,1.28,35.965
SSID:HOME,04/09/20,03:00,6.84,1.23,38.018
SSID:HOME,04/09/20,05:00,6.31,1.29,38.649
SSID:HOME,04/09/20,06:00,6.89,1.30,35.19
SSID:HOME,04/09/20,07:00,6.78,1.35,36.236
SSID:HOME,04/09/20,08:00,6.89,1.26,37.924
SSID:HOME,04/09/20,09:02,6.20,0.90,45.438
SSID:HOME,04/09/20,11:00,6.99,1.26,40.037
SSID:HOME,04/09/20,12:00,6.89,1.28,38.594
SSID:HOME,04/09/20,13:00,6.70,1.29,39.849
SSID:HOME,04/09/20,14:00,6.43,1.38,35.841
SSID:HOME,04/09/20,15:00,5.56,1.11,41.018
SSID:HOME,04/09/20,16:00,6.90,1.30,39.59
SSID:HOME,04/09/20,17:00,6.98,1.34,37.647
SSID:HOME,04/09/20,18:00,4.29,1.29,38.455
SSID:HOME,04/09/20,19:00,4.41,1.22,40.178
SSID:HOME,04/09/20,20:00,4.03,1.30,36.931
SSID:HOME,04/09/20,21:00,4.32,1.10,39.532
SSID:HOME,04/09/20,22:00,5.48,1.21,45.551
SSID:HOME,04/09/20,23:00,5.01,0.94,40.967
SSID:HOME,04/10/20,00:00,4.49,1.42,39.457
SSID:HOME,04/10/20,01:00,4.99,1.31,41.876
SSID:HOME,04/10/20,02:00,6.83,1.34,38.831
SSID:HOME,04/10/20,03:00,6.92,1.36,35.604
SSID:HOME,04/10/20,04:00,6.88,1.29,37.623
SSID:HOME,04/10/20,05:00,6.82,1.33,36.389
SSID:HOME,04/10/20,06:00,6.98,1.53,36.174
SSID:HOME,04/10/20,07:00,6.84,1.12,38.03
SSID:HOME,04/10/20,08:00,6.96,1.44,42.588
SSID:HOME,04/10/20,09:00,6.69,0.95,36.619
SSID:HOME,04/10/20,10:00,6.86,1.18,40.477
SSID:HOME,04/10/20,11:00,6.87,1.23,40.581
SSID:HOME,04/10/20,12:33,6.89,1.42,38.837
SSID:HOME,04/10/20,13:00,5.97,1.42,35.367
SSID:HOME,04/10/20,14:00,5.13,1.26,36.109
SSID:HOME,04/10/20,15:00,6.85,1.36,39.159
SSID:HOME,04/10/20,16:00,6.71,1.33,40.342
SSID:HOME,04/10/20,17:00,6.09,1.29,38.976
SSID:HOME,04/10/20,18:00,5.97,1.30,38.726
SSID:HOME,04/10/20,19:00,6.93,1.28,39.385
SSID:HOME,04/10/20,20:00,4.87,0.99,43.505
SSID:HOME,04/10/20,21:00,4.60,1.12,38.338
SSID:HOME,04/10/20,22:00,5.27,0.87,38.682
SSID:HOME,04/10/20,23:00,6.91,1.38,41.815
SSID:HOME,04/11/20,00:00,6.90,1.27,40.962
SSID:HOME,04/11/20,01:00,5.83,0.87,35.226
SSID:HOME,04/11/20,02:00,3.47,0.93,36.161
SSID:HOME,04/11/20,03:00,5.77,1.27,51.843
SSID:HOME,04/11/20,04:00,6.40,1.46,34.572
SSID:HOME,04/11/20,05:00,5.86,1.10,35.662
SSID:HOME,04/11/20,06:00,4.69,1.27,37.23
SSID:HOME,04/11/20,07:00,6.94,1.35,36.613
SSID:HOME,04/11/20,08:00,6.89,1.23,41.386
SSID:HOME,04/11/20,09:00,6.52,1.40,47.18
SSID:HOME,04/11/20,10:00,5.75,1.30,50.539
SSID:HOME,04/11/20,11:00,6.76,1.32,39.235
SSID:HOME,04/11/20,12:00,4.93,1.24,37.713
SSID:HOME,04/11/20,13:00,6.89,1.14,37.336
SSID:HOME,04/11/20,14:00,6.87,1.18,43.359
SSID:HOME,04/11/20,15:00,6.34,1.20,62.403
SSID:HOME,04/11/20,16:00,6.70,1.07,39.413
SSID:HOME,04/11/20,17:00,5.86,1.29,39.228
SSID:HOME,04/11/20,18:00,3.67,1.14,39.384
SSID:HOME,04/11/20,19:00,6.57,1.31,36.173
SSID:HOME,04/11/20,20:00,6.89,1.43,39.365
SSID:HOME,04/11/20,21:00,6.30,1.25,35.946
SSID:HOME,04/11/20,22:00,6.45,1.32,37.194
SSID:HOME,04/11/20,23:00,6.75,1.22,38.936
SSID:HOME,04/12/20,00:00,6.88,1.18,37.314
SSID:HOME,04/12/20,01:00,6.37,1.29,35.178
SSID:HOME,04/12/20,02:00,6.90,1.02,39.16
SSID:HOME,04/12/20,03:00,6.76,1.39,35.489
SSID:HOME,04/12/20,04:00,6.50,1.26,35.792
SSID:HOME,04/12/20,05:00,6.00,1.32,36.633
SSID:HOME,04/12/20,06:00,6.84,1.24,38.535
SSID:HOME,04/12/20,07:00,6.87,1.31,39.614
SSID:HOME,04/12/20,08:00,6.82,1.12,39.32
SSID:HOME,04/12/20,09:00,6.95,1.31,42.848
SSID:HOME,04/12/20,10:00,5.02,0.88,37.087
SSID:HOME,04/12/20,11:00,6.81,1.24,37.25
SSID:HOME,04/12/20,12:00,6.91,1.27,37.822
SSID:HOME,04/12/20,13:00,5.25,1.11,39.997
SSID:HOME,04/12/20,14:00,6.92,1.29,37.319
SSID:HOME,04/12/20,15:00,6.80,1.23,40.909
SSID:HOME,04/12/20,16:00,6.24,1.29,40.808
SSID:HOME,04/12/20,17:00,4.93,1.09,38.378
SSID:HOME,04/12/20,18:00,5.92,1.25,39.836
SSID:HOME,04/12/20,19:00,4.03,1.34,46.999
SSID:HOME,04/12/20,20:00,3.88,0.75,134.149
SSID:HOME,04/12/20,21:00,4.60,1.10,40.947
SSID:HOME,04/12/20,22:00,4.30,0.95,121.913
SSID:HOME,04/12/20,23:00,4.05,1.00,43.895
SSID:HOME,04/13/20,00:00,2.19,1.12,47.492
SSID:HOME,04/13/20,01:00,4.01,0.81,38.261
SSID:HOME,04/13/20,02:00,5.93,1.48,47.893
SSID:HOME,04/13/20,03:00,6.48,1.47,39.64
SSID:HOME,04/13/20,04:00,6.63,1.35,35.478
SSID:HOME,04/13/20,05:00,6.48,1.21,40.234
SSID:HOME,04/13/20,06:00,6.91,1.25,35.871
SSID:HOME,04/13/20,07:00,6.95,1.24,39.137
SSID:HOME,04/13/20,08:00,4.26,1.35,39.528
SSID:HOME,04/13/20,09:00,4.50,1.40,37.403
SSID:HOME,04/13/20,10:00,6.80,1.23,39.27
SSID:HOME,04/13/20,11:00,6.85,1.26,37.725
SSID:HOME,04/13/20,12:00,6.93,1.26,42.467
SSID:HOME,04/13/20,13:00,6.59,1.35,38.087
SSID:HOME,04/13/20,14:00,6.91,1.33,41.444
SSID:HOME,04/13/20,15:00,6.12,1.22,41.358
SSID:HOME,04/13/20,16:00,6.02,1.16,38.174
SSID:HOME,04/13/20,17:00,6.18,1.28,38.214
SSID:HOME,04/13/20,18:00,3.44,1.06,46.719
SSID:HOME,04/13/20,19:00,5.30,1.13,55.192
SSID:HOME,04/13/20,20:00,6.54,1.26,41.939
SSID:HOME,04/13/20,21:00,4.25,1.13,46.046
SSID:HOME,04/13/20,22:00,4.89,0.98,39.656
SSID:HOME,04/13/20,23:00,6.71,1.44,38.973
SSID:HOME,04/14/20,00:00,2.46,1.15,40.913
SSID:HOME,04/14/20,01:00,6.91,1.24,38.493
SSID:HOME,04/14/20,02:00,3.52,1.03,69.283
SSID:HOME,04/14/20,03:00,6.82,1.36,37.45
SSID:HOME,04/14/20,04:00,5.89,1.10,38.589
SSID:HOME,04/14/20,05:00,6.91,1.35,37.06
SSID:HOME,04/14/20,06:00,6.91,1.43,35.762
SSID:HOME,04/14/20,07:00,6.61,1.13,38.784
SSID:HOME,04/14/20,08:00,5.68,1.29,45.371
SSID:HOME,04/14/20,09:00,5.17,0.91,144.279
SSID:HOME,04/14/20,10:00,6.79,1.33,38.719
SSID:HOME,04/14/20,11:00,6.70,1.29,36.18
SSID:HOME,04/14/20,12:00,5.27,1.20,90.418
SSID:HOME,04/14/20,13:00,6.80,1.10,36.91
SSID:HOME,04/14/20,14:00,6.82,1.05,38.896
SSID:HOME,04/14/20,15:00,6.70,1.18,37.66
SSID:HOME,04/14/20,16:00,5.49,1.23,37.97
SSID:HOME,04/14/20,17:00,5.18,1.43,57.257
SSID:HOME,04/14/20,18:00,2.98,1.06,220.436
SSID:HOME,04/14/20,19:00,6.69,1.15,36.778
SSID:HOME,04/14/20,20:00,6.31,1.20,47.667
SSID:HOME,04/14/20,21:00,6.84,1.38,38.395
SSID:HOME,04/14/20,22:00,5.83,1.29,43.228
SSID:HOME,04/14/20,23:00,6.34,1.41,44.041
SSID:HOME,04/15/20,00:00,6.36,1.34,39.966
SSID:HOME,04/15/20,01:00,6.43,1.17,46.707
SSID:HOME,04/15/20,02:00,6.31,1.18,38.136
SSID:HOME,04/15/20,03:00,6.75,1.02,37.896
SSID:HOME,04/15/20,04:00,6.55,1.20,42.499
SSID:HOME,04/15/20,05:00,6.37,0.81,42.853
SSID:HOME,04/15/20,06:00,6.47,1.29,35.947
SSID:HOME,04/15/20,07:00,5.20,1.10,39.669
SSID:HOME,04/15/20,08:00,6.73,1.20,35.71
SSID:HOME,04/15/20,09:00,5.87,1.06,43.633
SSID:HOME,04/15/20,10:00,6.83,1.19,41.18
SSID:HOME,04/15/20,11:00,5.93,1.26,55.655
SSID:HOME,04/15/20,12:00,6.33,1.20,40.733
SSID:HOME,04/15/20,13:00,6.20,0.96,43.381
SSID:HOME,04/15/20,14:00,5.93,1.06,64.041
SSID:HOME,04/15/20,15:00,6.16,1.26,38.521
SSID:HOME,04/15/20,16:00,4.13,1.04,163.499
SSID:HOME,04/15/20,17:00,6.83,1.41,39.635
SSID:HOME,04/15/20,18:00,6.37,1.42,41.9
SSID:HOME,04/15/20,19:00,6.12,1.33,38.044
SSID:HOME,04/15/20,20:00,6.79,1.48,36.269
SSID:HOME,04/15/20,21:00,6.44,1.38,40.774
SSID:HOME,04/15/20,22:00,4.93,1.26,131.11
SSID:HOME,04/15/20,23:00,6.22,1.29,37.854
SSID:HOME,04/16/20,00:00,6.87,1.37,45.242
SSID:HOME,04/16/20,01:00,6.54,1.46,41.535
SSID:HOME,04/16/20,02:00,5.93,1.22,41.04
SSID:HOME,04/16/20,03:00,6.49,1.25,35.752
SSID:HOME,04/16/20,04:00,4.16,1.28,58.304
SSID:HOME,04/16/20,05:00,6.95,0.97,38.799
SSID:HOME,04/16/20,06:00,6.80,1.28,35.232
SSID:HOME,04/16/20,07:00,6.81,1.36,39.135
SSID:HOME,04/16/20,08:00,6.91,1.28,38.708
SSID:HOME,04/16/20,09:00,6.91,1.18,38.725
SSID:HOME,04/16/20,10:00,6.87,1.35,37.412
SSID:HOME,04/16/20,11:01,4.50,0.37,406.774
SSID:HOME,04/16/20,13:33,5.83,1.26,45.22
SSID:HOME,04/16/20,14:00,6.39,1.12,56.132
SSID:HOME,04/16/20,15:00,5.50,1.01,46.241
SSID:HOME,04/16/20,16:00,6.79,1.23,37.373
SSID:HOME,04/16/20,17:00,4.77,1.16,41.597
SSID:HOME,04/16/20,18:00,6.82,1.25,42.888
SSID:HOME,04/16/20,19:00,6.57,1.17,37.003
SSID:HOME,04/16/20,20:00,6.61,1.21,39.297
SSID:HOME,04/16/20,21:00,5.60,1.43,37.551
SSID:HOME,04/17/20,06:00,6.40,1.32,41.189
SSID:HOME,04/17/20,07:00,3.73,1.35,102.59
SSID:HOME,04/17/20,08:00,6.14,1.07,179.569
SSID:HOME,04/17/20,09:00,6.74,1.25,36.48
SSID:HOME,04/17/20,10:00,6.51,1.09,37.893
SSID:HOME,04/17/20,11:00,6.62,1.14,39.284
SSID:HOME,04/17/20,12:00,6.42,0.91,48.508
SSID:HOME,04/17/20,13:00,6.23,1.29,40.945
SSID:HOME,04/17/20,14:00,4.74,1.21,41.656
SSID:HOME,04/17/20,15:00,5.89,1.13,46.698
SSID:HOME,04/17/20,16:00,6.34,1.39,86.51
SSID:HOME,04/17/20,17:00,6.19,1.32,40.086
SSID:HOME,04/17/20,18:00,5.92,1.20,37.816
SSID:HOME,04/17/20,19:00,6.63,1.38,37.577
SSID:HOME,04/17/20,20:00,6.87,1.19,43.44
SSID:HOME,04/17/20,21:00,6.64,1.22,38.269
SSID:HOME,04/17/20,22:00,6.76,1.23,36.385
SSID:HOME,04/17/20,23:00,4.90,1.36,39.142
SSID:HOME,04/18/20,00:00,6.01,1.24,38.611
SSID:HOME,04/18/20,01:00,4.61,1.40,54.111
SSID:HOME,04/18/20,02:00,6.50,1.23,38.916
SSID:HOME,04/18/20,03:00,4.37,1.38,41.87
SSID:HOME,04/18/20,04:00,6.82,1.31,49.771
SSID:HOME,04/18/20,05:00,6.11,1.26,44.472
SSID:HOME,04/18/20,06:00,6.69,1.27,54.586
SSID:HOME,04/18/20,07:00,4.51,1.36,40.889
SSID:HOME,04/18/20,08:00,6.43,1.35,34.828
SSID:HOME,04/18/20,09:00,5.62,1.13,64.349
SSID:HOME,04/18/20,10:00,6.68,1.27,36.903
SSID:HOME,04/18/20,11:00,2.44,0.76,116.339
SSID:HOME,04/18/20,12:00,3.66,1.23,38.18
SSID:HOME,04/18/20,13:00,3.22,1.25,141.368
SSID:HOME,04/18/20,14:00,6.55,1.42,38.368
SSID:HOME,04/18/20,15:00,5.40,1.31,38.978
SSID:HOME,04/18/20,16:00,6.45,1.43,40.146
SSID:HOME,04/18/20,17:00,6.40,1.34,43.255
SSID:HOME,04/18/20,18:00,4.72,1.21,38.037
SSID:HOME,04/18/20,19:00,6.70,1.31,38.703
SSID:HOME,04/18/20,20:00,4.76,1.10,37.621
SSID:HOME,04/18/20,21:00,4.73,1.13,42.345
SSID:HOME,04/18/20,22:00,6.69,1.40,36.457
SSID:HOME,04/18/20,23:00,6.61,1.12,38.348
SSID:HOME,04/19/20,00:00,6.68,1.08,39.132
SSID:HOME,04/19/20,01:00,6.58,0.88,83.98
SSID:HOME,04/19/20,02:00,6.01,1.27,38.483
SSID:HOME,04/19/20,03:00,6.05,1.23,35.92
SSID:HOME,04/19/20,04:00,6.69,1.42,37.891
SSID:HOME,04/19/20,05:00,6.02,1.18,42.205
SSID:HOME,04/19/20,06:00,6.62,1.25,37.772
SSID:HOME,04/19/20,07:00,6.69,1.45,37.715
SSID:HOME,04/19/20,08:00,6.62,1.35,35.241
SSID:HOME,04/19/20,09:00,4.02,1.07,39.306
SSID:HOME,04/19/20,10:00,6.64,1.27,36.267
SSID:HOME,04/19/20,11:00,5.90,1.23,39.763
SSID:HOME,04/19/20,12:00,6.62,0.97,38.876
SSID:HOME,04/19/20,13:00,5.93,1.18,38.375
SSID:HOME,04/19/20,14:00,4.96,1.15,40.081
SSID:HOME,04/19/20,15:00,6.60,1.28,38.641
SSID:HOME,04/19/20,16:00,6.57,1.15,36.803
SSID:HOME,04/19/20,17:00,6.65,1.40,38.742
SSID:HOME,04/19/20,18:00,6.73,1.24,38.743
SSID:HOME,04/19/20,19:00,6.66,1.09,38.699
SSID:HOME,04/19/20,20:00,6.63,1.31,39.064
SSID:HOME,04/19/20,21:00,5.69,1.30,37.749
SSID:HOME,04/19/20,22:00,6.73,1.23,38.097
SSID:HOME,04/19/20,23:00,6.65,1.45,36.92
SSID:HOME,04/20/20,00:00,6.73,1.36,38.072
SSID:HOME,04/20/20,01:00,6.58,1.06,39.186
SSID:HOME,04/20/20,02:00,6.67,1.36,39.142
SSID:HOME,04/20/20,03:00,6.05,1.38,37.457
SSID:HOME,04/20/20,04:00,6.73,1.42,36.767
SSID:HOME,04/20/20,05:00,6.43,1.35,37.026
SSID:HOME,04/20/20,06:00,6.69,1.22,38.884
SSID:HOME,04/20/20,07:00,6.64,1.36,39.502
SSID:HOME,04/20/20,08:00,6.32,1.31,40.084
SSID:HOME,04/20/20,09:00,6.12,1.08,40.518
SSID:HOME,04/20/20,10:00,6.20,1.20,39.51
SSID:HOME,04/20/20,11:00,6.54,0.88,44.657
SSID:HOME,04/20/20,12:00,5.93,1.23,37.68
SSID:HOME,04/20/20,13:00,6.43,1.24,39.747
SSID:HOME,04/20/20,14:00,6.22,1.20,41.431
SSID:HOME,04/20/20,15:00,6.11,0.97,38.86
SSID:HOME,04/20/20,16:00,6.40,1.14,38.142
SSID:HOME,04/20/20,17:00,5.85,1.25,39.143
SSID:HOME,04/20/20,18:00,6.62,1.28,35.086
SSID:HOME,04/20/20,19:00,6.59,1.25,38.134
SSID:HOME,04/20/20,20:00,4.07,1.13,39.904
SSID:HOME,04/20/20,21:00,4.48,1.26,38.572
SSID:HOME,04/20/20,22:00,6.66,1.34,42.813
SSID:HOME,04/20/20,23:00,6.25,1.21,41.831
SSID:HOME,04/21/20,00:00,6.63,1.28,38.198
SSID:HOME,04/21/20,01:00,5.36,1.20,39.344
SSID:HOME,04/21/20,02:00,6.01,0.94,37.03
SSID:HOME,04/21/20,03:00,5.51,1.34,50.329
SSID:HOME,04/21/20,04:00,6.64,0.85,36.552
SSID:HOME,04/21/20,05:00,6.11,1.23,37.841
SSID:HOME,04/21/20,06:00,6.38,1.39,38.069
SSID:HOME,04/21/20,07:00,6.47,1.26,40.958
SSID:HOME,04/21/20,08:00,4.90,1.20,38.516
SSID:HOME,04/21/20,09:00,6.64,1.18,39.23
SSID:HOME,04/21/20,10:00,6.00,1.02,38.505
SSID:HOME,04/21/20,11:00,5.29,1.16,68.617
SSID:HOME,04/21/20,12:00,6.14,1.16,38.354
SSID:HOME,04/21/20,13:00,6.37,0.87,35.861
SSID:HOME,04/21/20,14:00,6.22,1.32,49.7
SSID:HOME,04/21/20,15:00,6.36,1.10,39.609
SSID:HOME,04/21/20,16:00,6.07,1.10,36.99
SSID:HOME,04/21/20,17:00,5.15,0.87,44.038
SSID:HOME,04/21/20,18:00,6.68,0.95,38.719
SSID:HOME,04/21/20,19:00,6.48,1.36,40.875
SSID:HOME,04/21/20,20:00,6.69,1.10,38.15
SSID:HOME,04/21/20,21:00,3.85,1.27,264.783
SSID:HOME,04/21/20,22:00,4.79,1.46,37.992
SSID:HOME,04/21/20,23:00,6.75,1.29,36.286
SSID:HOME,04/22/20,00:00,6.77,1.28,35.778
SSID:HOME,04/22/20,01:00,6.72,1.25,36.009
SSID:HOME,04/22/20,02:00,5.91,1.30,37.477
SSID:HOME,04/22/20,03:00,5.09,1.30,39.693
SSID:HOME,04/22/20,04:00,6.56,1.15,36.742
SSID:HOME,04/22/20,05:00,6.57,1.39,35.275
SSID:HOME,04/22/20,06:00,6.66,1.33,37.719
SSID:HOME,04/22/20,07:00,6.72,0.79,37.36
SSID:HOME,04/22/20,08:00,6.65,1.38,37.844
SSID:HOME,04/22/20,09:00,6.52,1.27,38.053
SSID:HOME,04/22/20,10:00,6.15,1.28,47.35
SSID:HOME,04/22/20,11:01,6.66,1.33,37.444
SSID:HOME,04/22/20,12:00,5.96,1.07,36.356
SSID:HOME,04/22/20,13:00,5.69,1.31,45.141
SSID:HOME,04/22/20,14:00,5.58,1.21,47.645
SSID:HOME,04/22/20,15:00,6.06,1.08,37.673
SSID:HOME,04/22/20,16:00,6.44,1.03,39.168
SSID:HOME,04/22/20,17:00,5.98,1.06,38.999
SSID:HOME,04/22/20,18:00,4.78,1.17,46.121
SSID:HOME,04/22/20,19:00,6.04,1.18,39.012
SSID:HOME,04/22/20,20:00,6.43,0.97,49.857
SSID:HOME,04/22/20,21:00,6.32,1.16,39.853
SSID:HOME,04/22/20,22:00,6.13,1.24,38.196
SSID:HOME,04/22/20,23:00,6.70,1.30,39.49
SSID:HOME,04/23/20,00:00,3.72,1.22,38.705
SSID:HOME,04/23/20,01:00,6.73,1.31,42.193
SSID:HOME,04/23/20,02:00,5.34,1.27,36.102
SSID:HOME,04/23/20,03:00,5.97,1.31,36.428
SSID:HOME,04/23/20,04:00,4.28,1.13,52.923
SSID:HOME,04/23/20,05:00,6.26,1.23,37.838
SSID:HOME,04/23/20,06:00,6.55,1.20,37.714
SSID:HOME,04/23/20,07:00,6.63,1.30,38.378
SSID:HOME,04/23/20,08:00,2.86,1.26,36.286
SSID:HOME,04/23/20,09:00,6.03,1.00,38.56
SSID:HOME,04/23/20,10:00,6.36,1.34,38.371
SSID:HOME,04/23/20,11:00,6.65,1.38,36.356
SSID:HOME,04/23/20,12:00,6.29,1.37,40.553
SSID:HOME,04/23/20,13:00,6.75,1.49,39.718
SSID:HOME,04/23/20,14:00,0.36,1.07,49.618
SSID:HOME,04/23/20,15:00,6.59,1.28,37.781
SSID:HOME,04/23/20,16:00,6.63,1.23,40.237
SSID:HOME,04/23/20,17:00,6.66,1.32,38.173
SSID:HOME,04/23/20,18:00,6.54,1.25,38.783
SSID:HOME,04/23/20,19:00,6.58,1.50,35.698
SSID:HOME,04/23/20,20:00,6.44,1.46,36.411
SSID:HOME,04/23/20,21:00,6.03,1.24,41.349
SSID:HOME,04/23/20,22:00,6.01,1.34,37.407
SSID:HOME,04/24/20,05:07,6.76,1.23,38.644
SSID:HOME,04/24/20,06:00,4.73,1.16,39.338
SSID:HOME,04/24/20,07:00,6.02,1.13,40.541
SSID:HOME,04/24/20,08:00,6.54,1.29,44.44
SSID:HOME,04/24/20,09:00,5.91,0.77,49.602
SSID:HOME,04/24/20,10:00,6.51,1.09,71.371
SSID:HOME,04/24/20,11:00,5.74,1.00,43.506
SSID:HOME,04/24/20,12:00,6.38,1.36,42.754
SSID:HOME,04/24/20,13:00,6.16,1.34,40.215
SSID:HOME,04/24/20,14:00,5.80,1.10,49.475
SSID:HOME,04/24/20,15:00,6.31,0.98,41.724
SSID:HOME,04/24/20,16:00,5.96,1.20,41.264
SSID:HOME,04/24/20,17:00,6.68,1.35,37.931
SSID:HOME,04/24/20,18:00,6.55,1.24,38.543
SSID:HOME,04/24/20,20:01,6.09,1.30,41.112
SSID:HOME,04/24/20,21:00,5.09,1.09,37.276
SSID:HOME,04/24/20,22:00,5.57,1.30,37.516
SSID:HOME,04/24/20,23:00,6.37,1.34,38.936
SSID:HOME,04/25/20,00:00,6.22,1.27,38.404
SSID:HOME,04/25/20,01:00,5.26,1.24,35.839
SSID:HOME,04/25/20,02:00,5.48,1.16,39.378
SSID:HOME,04/25/20,03:00,6.41,1.27,36.073
SSID:HOME,04/25/20,04:00,6.34,0.95,37.505
SSID:HOME,04/25/20,05:00,6.21,1.31,35.241
SSID:HOME,04/25/20,06:00,6.15,1.26,38.888
SSID:HOME,04/25/20,07:00,4.70,1.17,39.529
SSID:HOME,04/25/20,08:00,5.15,1.24,38.505
SSID:HOME,04/25/20,09:00,6.72,1.27,39.088
SSID:HOME,04/25/20,10:00,6.65,1.30,37.472
SSID:HOME,04/25/20,11:00,6.64,1.26,36.7
SSID:HOME,04/25/20,12:00,6.72,1.23,38.016
SSID:HOME,04/25/20,13:00,4.35,1.32,120.996
SSID:HOME,04/25/20,14:00,4.71,1.30,56.647
SSID:HOME,04/25/20,15:00,6.74,1.12,38.251
SSID:HOME,04/25/20,16:00,6.64,1.26,38.38
SSID:HOME,04/25/20,17:00,6.63,1.25,37.228
SSID:HOME,04/25/20,18:00,6.70,1.47,37.038
SSID:HOME,04/25/20,19:00,6.76,1.37,36.915
SSID:HOME,04/25/20,20:00,4.28,0.81,67.141
SSID:HOME,04/25/20,21:00,4.46,1.10,47.891
SSID:HOME,04/25/20,22:00,4.37,1.00,47.452
SSID:HOME,04/26/20,22:23,6.64,1.43,39.333
SSID:HOME,04/26/20,23:00,3.94,1.34,41.222
SSID:HOME,04/26/20,23:21,0.78,1.08,139.253
SSID:HOME,04/27/20,00:00,6.58,1.18,42.036
SSID:HOME,04/27/20,00:21,5.90,1.12,37.674
SSID:HOME,04/27/20,01:00,6.14,1.11,39.438
SSID:HOME,04/27/20,01:21,4.67,1.27,37.469
SSID:HOME,04/27/20,02:00,6.25,1.03,38.668
SSID:HOME,04/27/20,02:21,5.65,1.08,41.88
SSID:HOME,04/27/20,03:00,3.54,1.23,38.743
SSID:HOME,04/27/20,03:21,5.18,1.36,49.083
SSID:HOME,04/27/20,04:00,5.37,1.41,36.285
SSID:HOME,04/27/20,04:21,5.86,1.31,36.341
SSID:HOME,04/27/20,05:00,6.21,1.37,38.485
SSID:HOME,04/27/20,05:21,6.65,1.42,35.302
SSID:HOME,04/27/20,06:00,6.66,1.23,35.64
SSID:HOME,04/27/20,06:21,6.15,0.89,37.673
SSID:HOME,04/27/20,07:00,6.75,1.36,39.578
SSID:HOME,04/27/20,07:21,6.66,1.28,38.369
SSID:HOME,04/27/20,08:00,6.07,1.20,39.074
SSID:HOME,04/27/20,08:21,5.11,1.21,44.363
SSID:HOME,04/27/20,09:00,6.12,1.13,42.632
SSID:HOME,04/27/20,09:21,5.54,1.10,40.244
SSID:HOME,04/27/20,10:00,1.99,1.17,49.936
SSID:HOME,04/27/20,10:21,6.36,1.29,38.931
SSID:HOME,04/27/20,11:00,6.12,1.22,38.972
SSID:HOME,04/27/20,11:21,6.76,1.34,38.326
SSID:HOME,04/27/20,12:00,5.64,0.98,43.319
SSID:HOME,04/27/20,12:21,6.55,1.19,44.058
SSID:HOME,04/27/20,13:00,6.46,1.21,43.097
SSID:HOME,04/27/20,13:21,5.19,1.31,39.749
SSID:HOME,04/27/20,14:00,6.07,1.08,42.194
SSID:HOME,04/27/20,14:21,6.57,1.28,37.966
SSID:HOME,04/27/20,15:00,4.94,1.24,36.174
SSID:HOME,04/27/20,15:21,6.44,1.18,38.0
SSID:HOME,04/27/20,16:00,6.24,1.07,40.69
SSID:HOME,04/27/20,16:21,6.73,1.11,39.054
SSID:HOME,04/27/20,17:00,5.97,1.35,41.563
SSID:HOME,04/27/20,17:21,6.71,1.30,35.865
SSID:HOME,04/27/20,18:00,6.65,1.51,36.394
SSID:HOME,04/27/20,18:21,6.61,1.23,38.185
SSID:HOME,04/27/20,19:00,6.73,1.49,36.8
SSID:HOME,04/27/20,19:22,6.04,1.44,38.546
SSID:HOME,04/27/20,20:00,6.00,1.09,36.65
SSID:HOME,04/27/20,20:21,5.98,1.32,37.983
SSID:HOME,04/27/20,21:00,6.40,1.17,36.874
SSID:HOME,04/27/20,21:22,6.06,1.16,39.611
SSID:HOME,04/27/20,22:00,6.28,1.32,39.843
SSID:HOME,04/27/20,22:21,4.63,1.44,86.847
SSID:HOME,04/27/20,23:00,6.50,1.33,44.365
SSID:HOME,04/28/20,00:00,4.68,1.07,53.567
SSID:HOME,04/28/20,01:00,5.88,1.03,37.864
SSID:HOME,04/28/20,02:00,6.21,1.09,37.644
SSID:HOME,04/28/20,03:00,6.03,1.33,41.872
SSID:HOME,04/28/20,04:00,6.72,1.12,35.497
SSID:HOME,04/28/20,05:00,6.74,1.29,38.839
SSID:HOME,04/28/20,06:00,6.64,1.31,36.463
SSID:HOME,04/28/20,07:00,6.65,1.29,36.411
SSID:HOME,04/28/20,08:00,6.64,1.32,38.191
SSID:HOME,04/28/20,09:00,4.75,1.07,58.312
SSID:HOME,04/28/20,10:00,3.63,1.08,39.512
SSID:HOME,04/28/20,11:00,5.42,1.04,43.002
SSID:HOME,04/28/20,12:00,6.10,1.40,39.704
SSID:HOME,04/28/20,13:00,3.27,1.21,35.845
SSID:HOME,04/28/20,14:00,6.66,1.19,37.74
SSID:HOME,04/28/20,15:00,6.37,1.27,35.783
SSID:HOME,04/28/20,16:00,6.70,1.37,38.807
SSID:HOME,04/28/20,17:00,6.49,1.08,39.969
SSID:HOME,04/28/20,18:00,5.29,1.26,37.532
SSID:HOME,04/28/20,19:00,6.23,1.15,39.395
SSID:HOME,04/28/20,20:00,6.18,1.35,36.308
SSID:HOME,04/28/20,21:00,6.01,1.18,36.555
SSID:HOME,04/28/20,22:00,6.69,1.30,37.295
SSID:HOME,04/28/20,23:00,6.21,1.32,40.023
SSID:HOME,04/29/20,00:00,6.27,1.33,36.165
SSID:HOME,04/29/20,01:00,6.25,1.06,38.911
SSID:HOME,04/29/20,02:00,6.42,1.24,37.872
SSID:HOME,04/29/20,03:00,6.02,1.32,40.651
SSID:HOME,04/29/20,04:00,4.84,1.27,36.866
SSID:HOME,04/29/20,05:00,4.91,1.10,39.827
SSID:HOME,04/29/20,06:00,3.48,1.08,164.449
SSID:HOME,04/29/20,07:00,6.59,1.38,38.728
SSID:HOME,04/29/20,08:00,6.66,1.37,38.014
SSID:HOME,04/29/20,09:00,6.61,1.27,42.228
SSID:HOME,04/29/20,10:00,3.81,1.30,104.524
SSID:HOME,04/29/20,11:00,6.49,1.33,39.567
SSID:HOME,04/29/20,12:00,6.73,1.27,42.603
SSID:HOME,04/29/20,13:00,6.63,1.27,38.941
SSID:HOME,04/29/20,14:00,6.75,1.12,51.822
SSID:HOME,04/29/20,15:00,6.50,1.31,38.376
SSID:HOME,04/29/20,16:00,5.92,1.24,36.805
SSID:HOME,04/29/20,17:00,6.61,1.12,38.166
SSID:HOME,04/29/20,18:00,4.72,1.02,206.181
SSID:HOME,04/29/20,19:00,6.05,1.15,40.492
SSID:HOME,04/30/20,08:00,6.60,1.45,41.801
SSID:HOME,04/30/20,09:00,5.32,1.23,44.242
SSID:HOME,04/30/20,10:00,6.61,0.96,55.573
SSID:HOME,04/30/20,11:00,6.70,1.18,41.176
SSID:HOME,04/30/20,12:00,2.75,1.29,40.227
SSID:HOME,04/30/20,13:00,5.87,1.08,40.63
SSID:HOME,04/30/20,14:00,5.82,1.25,48.504
SSID:HOME,04/30/20,15:00,4.42,0.92,48.964
SSID:HOME,04/30/20,16:00,5.00,0.93,40.418
SSID:HOME,04/30/20,17:00,6.02,1.23,37.448
SSID:HOME,04/30/20,18:00,6.54,1.21,37.5
SSID:HOME,04/30/20,19:00,6.73,1.35,37.395
SSID:HOME,04/30/20,20:00,5.01,1.05,38.037
SSID:HOME,04/30/20,21:00,4.76,1.28,36.511
SSID:HOME,04/30/20,22:00,6.18,1.24,39.79
SSID:HOME,04/30/20,23:00,6.30,0.80,40.638
SSID:HOME,05/01/20,00:00,3.09,0.80,128.184
SSID:HOME,05/01/20,01:00,5.68,1.24,40.659
SSID:HOME,05/01/20,02:00,6.18,1.29,59.146
SSID:HOME,05/01/20,03:00,6.69,1.23,36.791
SSID:HOME,05/01/20,04:00,6.56,1.30,39.256
SSID:HOME,05/01/20,05:00,6.56,1.35,37.266
SSID:HOME,05/01/20,06:00,6.02,0.93,43.629
SSID:HOME,05/01/20,07:00,6.62,1.20,38.049
SSID:HOME,05/01/20,08:00,6.24,1.41,38.498
SSID:HOME,05/01/20,09:00,6.35,1.15,42.474
SSID:HOME,05/01/20,10:00,6.66,1.18,56.577
SSID:HOME,05/01/20,11:00,6.25,1.10,37.519
SSID:HOME,05/01/20,12:00,6.54,1.11,68.331
SSID:HOME,05/01/20,13:00,6.65,1.19,39.229
SSID:HOME,05/01/20,14:00,6.59,1.17,38.742
SSID:HOME,05/01/20,15:00,6.71,1.13,38.045
SSID:HOME,05/01/20,16:00,6.15,1.34,37.927
SSID:HOME,05/01/20,17:00,6.62,1.15,36.458
SSID:HOME,05/01/20,18:00,6.69,1.45,35.353
SSID:HOME,05/01/20,19:00,6.69,1.24,37.825
SSID:HOME,05/01/20,20:00,4.98,1.09,35.874
SSID:HOME,05/01/20,21:00,4.84,1.37,38.093
SSID:HOME,05/01/20,22:00,5.39,1.54,37.384
SSID:HOME,05/01/20,23:00,5.10,1.22,38.442
SSID:HOME,05/02/20,00:00,5.26,1.24,39.608
SSID:HOME,05/02/20,01:00,5.49,1.15,65.726
SSID:HOME,05/02/20,02:00,4.61,0.98,42.19
SSID:HOME,05/02/20,03:00,5.77,1.04,57.321
SSID:HOME,05/02/20,04:00,6.64,1.36,35.563
SSID:HOME,05/02/20,05:00,6.67,1.24,36.467
SSID:HOME,05/02/20,06:00,6.69,1.22,35.838
SSID:HOME,05/02/20,07:00,6.73,1.36,37.895
SSID:HOME,05/02/20,08:00,5.32,1.14,42.184
SSID:HOME,05/02/20,09:00,6.33,1.31,37.992
SSID:HOME,05/02/20,10:00,6.75,1.35,35.199
SSID:HOME,05/02/20,11:00,5.39,1.94,40.251
SSID:HOME,05/02/20,12:00,6.47,1.15,36.343
SSID:HOME,05/02/20,13:00,6.65,1.27,37.845
SSID:HOME,05/02/20,14:00,6.58,0.86,38.062
SSID:HOME,05/02/20,15:00,6.63,1.38,38.135
SSID:HOME,05/02/20,16:00,4.03,1.23,83.25
SSID:HOME,05/02/20,17:00,6.60,1.24,38.211
SSID:HOME,05/02/20,18:00,6.70,1.42,39.992
SSID:HOME,05/02/20,19:00,6.25,1.24,38.146
SSID:HOME,05/02/20,20:00,6.76,1.17,39.265
SSID:HOME,05/02/20,21:00,6.57,1.45,38.882
SSID:HOME,05/02/20,22:00,5.74,1.21,53.86
SSID:HOME,05/02/20,23:00,5.84,1.23,38.213
SSID:HOME,05/03/20,00:00,6.72,1.15,38.83
SSID:HOME,05/03/20,01:00,6.64,1.36,35.982
SSID:HOME,05/03/20,02:00,6.61,1.42,35.384
SSID:HOME,05/03/20,03:00,6.70,1.37,39.311
SSID:HOME,05/03/20,04:00,6.77,1.25,37.989
SSID:HOME,05/03/20,05:00,6.74,1.09,34.843
SSID:HOME,05/03/20,06:00,6.71,1.30,37.186
SSID:HOME,05/03/20,07:00,6.67,1.20,37.307
SSID:HOME,05/03/20,08:00,6.56,1.13,37.535
SSID:HOME,05/03/20,09:00,6.70,1.25,38.421
SSID:HOME,05/03/20,10:00,6.66,1.09,38.964
SSID:HOME,05/03/20,11:00,6.60,1.21,38.19
SSID:HOME,05/03/20,12:00,6.75,1.36,37.433
SSID:HOME,05/03/20,13:00,6.67,0.97,36.491
SSID:HOME,05/03/20,14:00,6.65,1.36,39.725
SSID:HOME,05/03/20,15:00,6.66,1.36,41.207
SSID:HOME,05/03/20,16:00,6.62,1.32,42.312
SSID:HOME,05/03/20,17:00,6.51,1.16,41.651
SSID:HOME,05/03/20,18:00,6.68,1.26,41.53
SSID:HOME,05/03/20,19:00,6.70,1.33,37.82
SSID:HOME,05/03/20,20:00,6.71,1.29,36.244
SSID:HOME,05/03/20,21:00,6.75,1.32,38.485
SSID:HOME,05/03/20,22:00,6.68,1.10,38.593
SSID:HOME,05/03/20,23:00,6.02,1.30,36.023
SSID:HOME,05/04/20,00:00,5.95,1.31,35.972
SSID:HOME,05/04/20,01:00,6.54,1.46,39.184
SSID:HOME,05/04/20,02:00,6.34,1.24,36.269
SSID:HOME,05/04/20,03:00,6.80,1.30,35.902
SSID:HOME,05/04/20,04:00,6.74,1.24,39.997
SSID:HOME,05/04/20,05:00,6.19,1.22,40.411
SSID:HOME,05/04/20,06:00,6.76,1.19,37.073
SSID:HOME,05/04/20,07:00,6.66,1.31,39.938
SSID:HOME,05/04/20,08:00,6.62,1.39,41.355
SSID:HOME,05/04/20,09:00,6.57,1.31,37.532
SSID:HOME,05/04/20,10:00,6.69,1.14,41.242
SSID:HOME,05/04/20,11:00,4.33,1.10,78.666
SSID:HOME,05/04/20,12:00,5.77,1.28,46.766
SSID:HOME,05/04/20,13:00,6.20,1.18,36.755
SSID:HOME,05/04/20,14:00,6.41,1.45,37.843
SSID:HOME,05/04/20,15:00,5.15,1.12,35.893
SSID:HOME,05/04/20,16:00,6.48,1.15,36.577
SSID:HOME,05/04/20,17:00,6.19,1.27,39.968
SSID:HOME,05/04/20,18:00,6.57,1.02,38.413
SSID:HOME,05/04/20,19:00,6.54,1.37,37.247
SSID:HOME,05/04/20,20:00,4.89,0.76,57.35
SSID:HOME,05/04/20,21:00,4.20,1.07,44.544
SSID:HOME,05/04/20,22:00,3.97,0.87,44.205
SSID:HOME,05/04/20,23:00,3.81,0.55,62.361
SSID:HOME,05/05/20,00:00,2.75,0.46,60.174
SSID:HOME,05/05/20,01:00,6.39,1.31,39.652
SSID:HOME,05/05/20,02:00,5.98,1.20,37.927
SSID:HOME,05/05/20,03:00,6.21,1.24,37.595
SSID:HOME,05/05/20,04:00,6.75,1.34,37.664
SSID:HOME,05/05/20,05:00,6.59,1.42,37.315
SSID:HOME,05/05/20,06:00,6.72,1.32,36.185
SSID:HOME,05/05/20,07:00,6.64,1.26,35.886
SSID:HOME,05/05/20,08:00,0.81,1.21,43.742
SSID:HOME,05/05/20,09:01,3.98,0.63,310.309
SSID:HOME,05/05/20,10:00,6.40,1.29,38.096
SSID:HOME,05/06/20,07:03,6.41,1.40,40.029
SSID:HOME,05/06/20,07:05,6.61,1.17,36.318
SSID:HOME,05/06/20,08:05,3.54,1.11,43.83
SSID:HOME,05/06/20,09:05,5.34,1.15,45.421
SSID:HOME,05/06/20,10:05,5.96,1.25,44.505
SSID:HOME,05/06/20,11:00,4.87,1.04,43.563
SSID:HOME,05/06/20,11:05,6.43,1.15,43.516
SSID:HOME,05/06/20,12:00,4.57,0.92,44.072
SSID:HOME,05/06/20,12:05,5.16,1.11,39.416
SSID:HOME,05/06/20,13:00,5.81,1.21,39.827
SSID:HOME,05/06/20,13:05,6.34,1.37,36.741
SSID:HOME,05/06/20,14:00,6.57,1.08,38.711
SSID:HOME,05/06/20,14:05,6.61,1.15,43.939
SSID:HOME,05/06/20,15:00,6.06,1.24,51.555
SSID:HOME,05/06/20,15:05,4.67,0.88,86.446
SSID:HOME,05/08/20,07:49,6.43,1.18,39.648
SSID:HOME,05/08/20,08:06,5.71,1.21,39.752
SSID:HOME,05/08/20,08:51,6.59,1.00,41.025
SSID:HOME,05/08/20,09:00,6.77,1.39,40.005
SSID:HOME,05/08/20,09:05,6.66,1.31,39.128
SSID:HOME,05/08/20,09:51,6.49,1.20,39.534
SSID:HOME,05/08/20,10:00,6.70,1.15,39.495
SSID:HOME,05/08/20,10:05,5.54,1.06,60.807
SSID:HOME,05/08/20,10:51,3.99,1.00,67.005
SSID:HOME,05/08/20,11:00,5.84,1.27,40.531
SSID:HOME,05/08/20,11:05,2.69,0.95,84.7
SSID:HOME,05/08/20,11:51,5.77,1.01,240.367
SSID:HOME,05/08/20,12:00,6.04,1.00,160.388
SSID:HOME,05/08/20,12:05,3.41,0.75,354.576
SSID:HOME,05/08/20,12:51,5.68,1.24,46.847
SSID:HOME,05/08/20,13:00,6.37,1.14,40.139
SSID:HOME,05/08/20,13:05,5.26,1.24,45.63
SSID:HOME,05/08/20,13:51,6.05,1.40,45.788
SSID:HOME,05/08/20,14:20,5.46,0.98,61.512
SSID:HOME,05/08/20,14:51,5.48,1.40,38.311
SSID:HOME,05/11/20,10:40,4.60,1.16,65.668
SSID:HOME,05/11/20,10:51,6.66,1.21,39.105
SSID:HOME,05/11/20,11:00,6.62,1.25,40.298
SSID:HOME,05/11/20,11:05,6.66,1.22,37.053
SSID:HOME,05/11/20,11:31,6.67,1.48,38.616
SSID:HOME,05/11/20,11:51,5.90,1.15,37.738
SSID:HOME,05/11/20,12:00,6.50,1.19,41.649
SSID:HOME,05/11/20,12:05,6.36,1.26,37.476
SSID:HOME,05/11/20,12:31,6.63,0.80,41.091
SSID:HOME,05/11/20,12:51,6.63,0.97,37.632
SSID:HOME,05/11/20,13:00,6.17,1.05,37.59
SSID:HOME,05/11/20,13:05,6.66,1.05,35.307
SSID:HOME,05/11/20,13:31,5.97,1.09,39.207
SSID:HOME,05/11/20,13:51,6.11,1.11,39.195
SSID:HOME,05/11/20,14:00,6.30,1.16,37.163
SSID:HOME,05/11/20,14:05,6.74,1.28,36.944
SSID:HOME,05/11/20,14:32,3.82,1.21,119.766
SSID:HOME,05/11/20,14:51,5.87,1.33,38.101
SSID:HOME,05/11/20,15:00,6.67,0.90,36.039
SSID:HOME,05/11/20,15:05,5.38,1.12,39.294
SSID:HOME,05/11/20,15:31,6.18,1.13,40.82
SSID:HOME,05/11/20,15:51,6.71,1.29,38.12
SSID:HOME,05/11/20,16:00,6.47,1.41,35.748
SSID:HOME,05/11/20,16:05,6.66,1.14,37.732
SSID:HOME,05/11/20,16:31,6.36,1.34,39.594
SSID:HOME,05/11/20,16:51,6.34,1.28,37.408
SSID:HOME,05/11/20,17:00,6.70,1.41,38.007
SSID:HOME,05/11/20,17:05,6.41,1.21,39.742
SSID:HOME,05/11/20,17:31,6.56,1.33,40.922
SSID:HOME,05/11/20,17:51,6.73,1.22,38.741
SSID:HOME,05/11/20,18:00,6.64,1.36,38.871
SSID:HOME,05/11/20,18:31,6.71,1.32,36.435
SSID:HOME,05/11/20,18:51,6.60,1.36,39.145
SSID:HOME,05/11/20,19:00,6.21,1.15,39.475
SSID:HOME,05/11/20,19:31,6.75,1.02,38.736
SSID:HOME,05/11/20,19:51,6.31,1.34,36.618
SSID:HOME,05/11/20,20:00,6.73,1.20,38.858
SSID:HOME,05/11/20,20:31,6.74,1.50,37.637
SSID:HOME,05/11/20,20:51,5.73,1.08,65.639
SSID:HOME,05/11/20,21:00,3.89,1.06,59.999
SSID:HOME,05/11/20,21:31,6.74,1.23,37.646
SSID:HOME,05/11/20,21:51,6.54,1.34,37.823
SSID:HOME,05/11/20,22:00,6.63,1.38,37.072
SSID:HOME,05/11/20,22:31,6.74,1.25,37.669
SSID:HOME,05/11/20,22:51,6.39,1.40,37.721
SSID:HOME,05/11/20,23:00,6.10,1.34,38.21
SSID:HOME,05/11/20,23:31,6.23,0.96,38.226
SSID:HOME,05/11/20,23:51,6.11,1.19,36.918
SSID:HOME,05/12/20,00:00,5.72,1.27,35.661
SSID:HOME,05/12/20,00:31,5.50,1.28,37.903
SSID:HOME,05/12/20,00:51,5.81,1.23,38.07
SSID:HOME,05/12/20,01:00,5.20,1.31,35.315
SSID:HOME,05/12/20,01:31,2.07,1.32,40.149
SSID:HOME,05/12/20,01:51,5.01,1.27,41.441
SSID:HOME,05/12/20,02:00,4.65,1.07,37.178
SSID:HOME,05/12/20,02:31,4.38,1.17,39.059
SSID:HOME,05/12/20,03:00,4.28,1.25,35.041
SSID:HOME,05/12/20,03:31,4.06,1.20,455.547
SSID:HOME,05/12/20,04:00,5.44,1.15,34.573
SSID:HOME,05/12/20,04:31,6.16,1.22,36.866
SSID:HOME,05/12/20,05:00,6.06,1.25,37.109
SSID:HOME,05/12/20,05:31,6.01,1.44,37.631
SSID:HOME,05/12/20,06:00,6.16,1.21,36.602
SSID:HOME,05/12/20,06:31,5.28,1.11,38.998
SSID:HOME,05/12/20,07:00,6.13,1.30,39.346
SSID:HOME,05/12/20,07:31,6.32,1.36,40.97
SSID:HOME,05/12/20,08:00,5.24,1.26,41.421
SSID:HOME,05/12/20,08:32,1.10,0.95,332.787
SSID:HOME,05/12/20,09:00,5.42,0.95,45.372
SSID:HOME,05/12/20,09:31,3.88,1.16,41.643
SSID:HOME,05/12/20,10:00,6.59,1.09,42.307
SSID:HOME,05/12/20,10:31,6.51,0.94,40.343
SSID:HOME,05/12/20,11:00,5.51,1.14,86.156
SSID:HOME,05/12/20,12:35,6.73,1.30,39.406
SSID:HOME,05/12/20,13:01,6.49,1.21,43.576
SSID:HOME,05/12/20,14:00,6.57,1.19,46.648
SSID:HOME,05/12/20,15:00,4.87,1.11,56.921
SSID:HOME,05/12/20,16:00,6.16,0.83,40.301
SSID:HOME,05/12/20,17:00,5.55,1.15,38.922
SSID:HOME,05/12/20,18:00,5.77,1.39,43.2
SSID:HOME,05/12/20,19:00,5.12,1.12,45.876
SSID:HOME,05/12/20,20:00,5.55,1.24,38.54
SSID:HOME,05/12/20,21:00,6.06,1.27,37.453
SSID:HOME,05/12/20,22:00,6.12,1.34,37.561
SSID:HOME,05/12/20,23:00,6.11,1.27,37.413
SSID:HOME,05/13/20,00:00,4.87,1.38,37.962
SSID:HOME,05/13/20,01:00,3.53,1.11,36.764
SSID:HOME,05/13/20,02:00,5.89,1.50,38.938
SSID:HOME,05/13/20,03:00,5.67,1.15,36.052
SSID:HOME,05/13/20,04:00,6.50,1.32,37.394
SSID:HOME,05/13/20,05:00,6.67,1.27,37.012
SSID:HOME,05/13/20,06:00,6.77,1.45,36.844
SSID:HOME,05/13/20,07:00,6.74,1.09,38.572
SSID:HOME,05/13/20,08:00,6.62,1.38,40.941
SSID:HOME,05/13/20,09:00,6.69,1.03,39.92
SSID:HOME,05/13/20,10:00,6.42,0.86,41.109
SSID:HOME,05/13/20,11:00,6.67,1.31,40.242
SSID:HOME,05/13/20,12:00,4.70,1.02,42.019
SSID:HOME,05/13/20,13:00,2.72,1.22,166.423
SSID:HOME,05/13/20,14:00,3.60,0.82,49.247
SSID:HOME,05/13/20,15:00,6.30,1.17,38.903
SSID:HOME,05/13/20,16:00,4.88,0.98,41.54
SSID:HOME,05/13/20,17:00,5.89,1.03,40.036
SSID:HOME,05/13/20,18:00,6.35,1.11,36.253
SSID:HOME,05/13/20,19:00,6.47,1.19,36.968
SSID:HOME,05/13/20,20:00,6.67,1.18,36.544
SSID:HOME,05/13/20,21:00,5.61,1.22,37.914
SSID:HOME,05/13/20,22:00,6.65,1.30,38.775
SSID:HOME,05/13/20,23:00,6.60,1.34,38.161
SSID:HOME,05/14/20,00:00,3.89,1.26,40.753
SSID:HOME,05/14/20,01:00,6.63,1.33,36.198
SSID:HOME,05/14/20,02:00,6.17,1.43,36.966
SSID:HOME,05/14/20,03:00,5.94,1.28,38.049
SSID:HOME,05/14/20,04:00,6.58,1.34,35.879
SSID:HOME,05/14/20,05:00,6.12,1.40,38.803
SSID:HOME,05/14/20,06:00,6.76,1.34,35.591
SSID:HOME,05/14/20,07:00,6.71,1.31,37.969
SSID:HOME,05/14/20,08:00,6.65,1.39,37.022
SSID:HOME,05/14/20,09:00,6.61,1.08,36.068
SSID:HOME,05/14/20,10:00,6.72,1.40,36.431
SSID:HOME,05/14/20,11:00,3.45,1.42,92.632
SSID:HOME,05/14/20,12:00,6.64,1.22,38.647
SSID:HOME,05/14/20,13:00,5.60,0.94,101.738
SSID:HOME,05/14/20,14:00,6.36,1.31,40.156
SSID:HOME,05/14/20,15:00,6.45,1.22,39.024
SSID:HOME,05/14/20,16:00,5.47,1.17,41.188
SSID:HOME,05/14/20,17:00,6.52,1.32,40.668
SSID:HOME,05/14/20,18:00,4.50,1.25,37.971
SSID:HOME,05/14/20,19:00,6.24,1.10,37.924
SSID:HOME,05/14/20,20:00,3.58,1.37,40.402
SSID:HOME,05/14/20,21:00,4.40,1.15,37.621
SSID:HOME,05/14/20,22:00,3.80,0.89,38.054
SSID:HOME,05/14/20,23:00,6.06,1.00,40.08
SSID:HOME,05/15/20,00:00,3.84,1.32,37.361
SSID:HOME,05/15/20,01:00,6.62,1.37,36.937
SSID:HOME,05/15/20,02:00,6.77,1.40,36.656
SSID:HOME,05/15/20,03:00,6.76,1.04,37.288
SSID:HOME,05/15/20,04:00,6.60,0.92,36.489
SSID:HOME,05/15/20,05:00,6.75,1.16,36.912
SSID:HOME,05/15/20,06:00,6.67,1.28,37.65
SSID:HOME,05/15/20,07:00,6.74,1.27,38.248
SSID:HOME,05/15/20,08:00,5.92,1.42,39.908
SSID:HOME,05/15/20,09:00,6.76,1.45,37.25
SSID:HOME,05/15/20,10:00,6.67,1.35,40.044
SSID:HOME,05/15/20,11:00,6.60,1.16,39.386
SSID:HOME,05/15/20,12:00,4.32,0.96,57.877
SSID:HOME,05/15/20,13:00,3.19,0.74,36.274
SSID:HOME,05/15/20,14:00,4.20,1.04,41.783
SSID:HOME,05/15/20,15:03,6.63,1.15,39.069
SSID:HOME,05/18/20,17:16,5.76,1.25,39.924
SSID:HOME,05/18/20,17:17,5.87,1.30,38.928
SSID:HOME,05/18/20,17:19,5.82,1.22,38.737
SSID:HOME,05/18/20,17:28,5.95,1.29,37.902
SSID:HOME,05/19/20,08:46,6.59,1.26,40.232
SSID:HOME,05/21/20,20:02,5.49,1.39,43.064
SSID:HOME,05/22/20,06:37,4.95,1.11,44.546
SSID:HOME,05/22/20,18:48,2.97,1.13,54.883
SSID:HOME,05/22/20,20:37,5.56,1.09,49.483
SSID:HOME,05/23/20,11:32,6.75,1.16,42.644
SSID:HOME,05/23/20,18:32,4.82,0.75,53.302
SSID:HOME,05/24/20,15:07,4.55,1.20,41.243
SSID:HOME,05/25/20,20:27,4.25,0.84,56.155
SSID:HOME,05/26/20,18:25,4.22,1.17,42.726
SSID:HOME,05/26/20,18:26,6.33,1.18,35.371
SSID:HOME,05/26/20,20:04,4.40,1.00,43.013
SSID:HOME,05/26/20,20:05,5.52,1.27,36.266
SSID:HOME,05/27/20,20:35,4.65,1.32,43.499
SSID:HOME,05/29/20,18:11,1.62,1.18,55.367
SSID:HOME,05/29/20,21:35,4.88,0.87,43.609
SSID:HOME,05/30/20,17:03,4.71,1.05,41.363
SSID:HOME,05/30/20,22:11,4.29,0.98,43.834
SSID:HOME,06/02/20,18:06,5.84,1.11,43.124
SSID:HOME,06/03/20,06:57,4.23,1.05,76.003
SSID:HOME,06/03/20,21:49,6.02,1.32,40.482
SSID:HOME,06/04/20,08:25,3.65,1.25,41.707
SSID:HOME,06/05/20,11:30,5.54,1.17,51.23
SSID:HOME,06/05/20,13:34,3.80,1.14,37.557
SSID:HOME,06/06/20,10:25,6.49,0.97,43.266
SSID:HOME,06/08/20,10:06,6.11,1.34,39.023
SSID:HOME,06/08/20,19:03,5.36,1.27,38.061
SSID:HOME,06/09/20,19:38,5.93,1.13,49.224
SSID:HOME,06/12/20,19:56,1.62,1.00,95.308
SSID:HOME,06/13/20,19:21,4.01,1.03,65.187
SSID:HOME,06/14/20,20:40,4.37,1.18,91.883
SSID:HOME,06/15/20,12:34,4.50,1.05,40.007
SSID:HOME,06/16/20,19:14,5.51,1.17,40.853
SSID:HOME,06/17/20,08:29,2.80,0.84,204.458
SSID:HOME,06/17/20,08:32,2.50,1.15,286.588
SSID:HOME,06/17/20,17:59,5.28,1.14,48.246
SSID:HOME,06/19/20,15:15,6.33,1.33,43.521
SSID:HOME,06/20/20,07:24,6.17,1.10,41.634
SSID:HOME,06/21/20,10:13,6.16,1.29,41.58
SSID:HOME,06/23/20,18:43,6.94,1.27,42.624
SSID:HOME,06/24/20,17:03,4.69,0.74,96.247
SSID:HOME,06/26/20,12:50,6.13,1.12,40.302
SSID:HOME,06/27/20,16:50,6.18,1.22,43.526
SSID:HOME,06/28/20,10:13,6.46,1.21,43.619
SSID:HOME,06/29/20,20:16,5.23,0.96,42.149
SSID:HOME,06/30/20,18:03,4.11,1.03,132.523
SSID:HOME,07/03/20,15:47,5.76,1.17,42.086
SSID:HOME,07/04/20,20:35,5.83,1.18,45.159
SSID:HOME,07/05/20,15:51,6.70,1.13,40.52
SSID:HOME,07/06/20,19:40,5.03,1.17,42.577
SSID:HOME,07/07/20,08:35,6.78,1.40,40.978
SSID:HOME,07/08/20,07:27,6.77,1.21,54.254
SSID:HOME,07/09/20,07:51,6.68,1.44,61.395
SSID:HOME,07/10/20,07:51,4.75,1.19,41.74
SSID:HOME,07/11/20,16:01,4.33,1.28,47.566
SSID:HOME,07/12/20,13:07,6.58,1.39,40.298
SSID:HOME,07/13/20,20:09,4.48,1.05,100.118
SSID:HOME,07/14/20,07:36,5.92,1.30,43.463
SSID:HOME,07/15/20,17:51,3.23,1.08,74.954
SSID:HOME,07/16/20,07:56,5.59,1.23,40.795
SSID:HOME,07/17/20,12:17,4.05,0.80,42.763
SSID:HOME,07/17/20,14:02,4.35,1.05,205.773
SSID:HOME,07/19/20,13:51,5.56,1.32,45.142
SSID:HOME,07/20/20,13:14,6.37,1.24,40.672
SSID:HOME,07/21/20,07:19,5.29,1.21,93.218
SSID:HOME,07/22/20,20:10,5.99,1.28,40.152
SSID:HOME,07/23/20,12:03,2.00,0.49,74.215
SSID:HOME,07/24/20,08:25,0.95,1.18,54.677
SSID:HOME,07/27/20,18:22,6.20,1.09,41.511
SSID:HOME,07/28/20,07:57,5.89,1.41,42.586
SSID:HOME,07/28/20,21:06,3.08,1.07,43.374
SSID:HOME,07/28/20,21:07,6.34,1.27,37.33
SSID:HOME,07/28/20,21:09,6.32,1.21,36.57
SSID:HOME,07/29/20,07:42,4.60,1.21,44.657
SSID:PLUSNET-CRQG,07/30/20,11:40,20.07,1.07,96.36
SSID:HOME,07/31/20,19:20,6.21,1.11,44.478
SSID:HOME,08/01/20,14:27,6.51,1.40,49.143
SSID:HOME,08/02/20,12:20,6.56,1.11,46.755
SSID:HOME,08/03/20,07:34,6.74,1.15,43.666
SSID:HOME,08/04/20,08:31,6.58,1.30,43.925
SSID:HOME,08/06/20,08:06,2.40,1.28,45.953
SSID:PLUSNET-CRQG,08/08/20,09:08,31.04,9.21,37.427
SSID:PLUSNET-CRQG,08/08/20,10:50,32.88,9.27,31.723
SSID:PLUSNET-CRQG,08/08/20,11:17,31.89,9.09,32.064
SSID:PLUSNET-CRQG,08/09/20,08:09,31.65,8.83,32.134
SSID:PLUSNET-CRQG,08/09/20,09:00,29.89,8.72,35.636
SSID:PLUSNET-CRQG,08/09/20,10:09,26.00,8.82,37.323
SSID:PLUSNET-CRQG,08/09/20,11:00,24.03,8.45,31.363
SSID:PLUSNET-CRQG,08/09/20,11:26,30.31,9.21,30.897
SSID:PLUSNET-CRQG,08/09/20,12:00,32.90,8.98,31.925
SSID:PLUSNET-CRQG,08/09/20,15:00,22.83,9.07,32.061
SSID:Sunroom,08/10/20,08:00,6.20,1.31,39.033
SSID:Sunroom,08/10/20,08:03,6.22,1.20,35.714
ETHERNET,08/10/20,10:19,5.15,1.22,47.172
ETHERNET,08/10/20,10:23,5.30,1.22,46.04
ETHERNET,08/10/20,16:44,5.96,1.12,49.971
SSID:VforVendetta,08/10/20,19:00,5.64,1.27,40.735
SSID:VforVendetta,08/10/20,19:03,4.14,0.97,103.832
SSID:Sunroom,08/10/20,20:00,6.65,1.20,43.815
SSID:Sunroom,08/10/20,20:03,6.58,1.11,36.305
SSID:Sunroom,08/10/20,21:00,3.95,1.29,56.832
SSID:Sunroom,08/10/20,21:03,3.01,1.29,41.918
SSID:Sunroom,08/10/20,21:15,5.53,1.12,40.445
SSID:Sunroom,08/11/20,08:00,6.06,1.27,49.091
SSID:Sunroom,08/12/20,21:00,4.45,1.33,46.611
SSID:Sunroom,08/12/20,22:00,0.89,0.97,236.893
ETHERNET,08/13/20,10:53,4.53,0.84,102.195
ETHERNET,08/13/20,13:35,6.28,1.27,54.973
ETHERNET,08/13/20,13:35,6.33,1.33,51.767
ETHERNET,08/13/20,13:36,6.31,1.17,50.656
ETHERNET,08/13/20,13:36,6.41,1.18,54.004
ETHERNET,08/13/20,19:00,6.76,1.26,51.049
SSID:Sunroom,08/13/20,21:52,4.58,1.02,102.806
ETHERNET,08/14/20,09:32,2.84,1.07,69.9
ETHERNET,08/14/20,11:00,6.23,1.26,44.137
SSID:VforVendetta,08/14/20,18:00,6.11,1.44,45.672
ETHERNET,08/14/20,19:00,6.61,1.14,47.9
SSID:Sunroom,08/16/20,14:34,4.08,1.27,55.532
ETHERNET,08/17/20,07:41,6.39,1.08,57.649
ETHERNET,08/17/20,11:00,3.60,1.06,67.593
ETHERNET,08/17/20,18:00,6.57,1.35,43.221
ETHERNET,08/17/20,19:00,6.57,1.35,49.019
ETHERNET,08/18/20,07:27,6.74,1.31,52.042
ETHERNET,08/18/20,07:28,5.23,0.84,41.726
ETHERNET,08/18/20,11:00,5.53,1.21,64.087
ETHERNET,08/18/20,19:00,6.02,1.30,104.778
ETHERNET,08/19/20,07:36,3.05,1.09,174.893
ETHERNET,08/19/20,11:00,6.45,1.28,47.505
ETHERNET,08/19/20,19:00,6.54,1.31,46.254
ETHERNET,08/20/20,07:20,6.48,1.27,52.82
ETHERNET,08/20/20,11:00,5.25,1.12,77.422
ETHERNET,08/20/20,19:00,5.84,1.41,51.028
ETHERNET,08/21/20,08:57,5.34,1.07,64.512
ETHERNET,08/21/20,11:00,5.87,1.38,52.253
ETHERNET,08/22/20,10:41,6.52,1.33,43.218
ETHERNET,08/22/20,11:00,6.76,1.41,52.295
SSID:Sunroom,08/22/20,18:00,6.77,1.45,47.183
ETHERNET,08/22/20,19:00,5.98,1.32,51.959
SSID:Sunroom,08/23/20,18:00,5.02,1.29,46.614
ETHERNET,08/24/20,08:23,4.78,1.00,49.026
ETHERNET,08/24/20,11:00,5.81,1.43,49.192
SSID:Sunroom,08/24/20,18:00,4.63,0.48,45.131
ETHERNET,08/24/20,19:17,4.94,1.30,51.937
ETHERNET,08/25/20,07:38,5.68,1.36,46.412
ETHERNET,08/25/20,11:00,5.22,1.22,48.089
ETHERNET,08/25/20,19:00,3.33,1.25,59.03
ETHERNET,08/26/20,08:18,5.83,1.36,51.564
ETHERNET,08/26/20,11:00,1.61,0.62,141.686
ETHERNET,08/26/20,19:00,3.69,1.23,81.77
ETHERNET,08/27/20,07:03,4.61,1.11,159.832
ETHERNET,08/27/20,11:00,4.25,1.03,60.013
ETHERNET,08/27/20,19:00,2.66,0.93,51.3
ETHERNET,08/28/20,08:03,3.58,1.10,55.687
ETHERNET,08/28/20,11:00,5.11,1.12,65.139
ETHERNET,08/28/20,19:00,5.77,1.35,51.983
ETHERNET,08/29/20,18:00,3.65,1.38,44.814
ETHERNET,08/30/20,12:52,3.33,1.26,53.52
ETHERNET,08/30/20,19:00,5.89,1.22,46.427
ETHERNET,08/31/20,08:49,4.90,1.20,102.375
ETHERNET,08/31/20,11:00,5.78,1.13,50.299
ETHERNET,08/31/20,18:00,2.96,1.04,58.511
ETHERNET,08/31/20,19:00,5.94,1.24,48.991
ETHERNET,09/01/20,08:19,4.62,1.40,49.33
ETHERNET,09/01/20,11:00,2.49,1.25,53.552
ETHERNET,09/01/20,19:00,5.95,1.35,46.445
ETHERNET,09/02/20,07:49,5.81,1.44,51.816
ETHERNET,09/02/20,11:00,3.74,1.19,57.708
ETHERNET,09/02/20,19:00,5.64,1.33,52.734
ETHERNET,09/03/20,08:22,5.62,1.18,53.836
ETHERNET,09/03/20,11:00,5.58,0.94,71.208
ETHERNET,09/03/20,19:00,6.95,1.30,49.867
ETHERNET,09/04/20,08:57,6.26,1.27,47.48
ETHERNET,09/04/20,11:00,4.81,0.67,77.042
ETHERNET,09/04/20,19:00,6.88,1.48,52.251
ETHERNET,09/05/20,02:00,7.02,1.40,48.054
ETHERNET,09/05/20,03:00,7.02,1.36,43.474
ETHERNET,09/05/20,10:00,6.95,1.46,44.339
ETHERNET,09/05/20,11:00,6.97,1.27,46.322
ETHERNET,09/05/20,18:00,4.49,1.36,61.166
ETHERNET,09/05/20,19:00,5.39,1.29,49.928
ETHERNET,09/06/20,02:00,6.97,1.39,44.893
ETHERNET,09/06/20,03:00,6.87,1.20,47.886
ETHERNET,09/06/20,10:00,6.97,1.27,44.014
ETHERNET,09/06/20,11:00,5.31,1.19,51.338
SSID:Sunroom,09/06/20,18:00,1.50,1.34,107.981
ETHERNET,09/06/20,20:04,4.95,1.13,238.851
ETHERNET,09/07/20,07:37,6.12,1.02,43.026
ETHERNET,09/07/20,11:00,4.70,1.05,75.296
ETHERNET,09/07/20,18:00,5.86,1.28,46.858
ETHERNET,09/07/20,19:00,6.32,1.24,49.113
ETHERNET,09/08/20,07:34,5.08,1.37,51.494
ETHERNET,09/08/20,11:00,3.97,0.95,59.945
ETHERNET,09/08/20,13:56,4.07,1.22,196.376
ETHERNET,09/08/20,19:00,5.04,1.38,51.283
SSID:VforVendetta,09/08/20,19:29,3.80,1.14,103.995
ETHERNET,09/09/20,09:05,3.90,1.20,65.321
ETHERNET,09/09/20,11:00,5.46,1.05,54.632
ETHERNET,09/09/20,19:00,4.03,1.23,50.116
ETHERNET,09/10/20,09:04,3.77,1.20,85.535
ETHERNET,09/10/20,11:00,5.38,1.05,64.396
ETHERNET,09/10/20,19:00,6.54,1.42,51.351
ETHERNET,09/11/20,06:28,6.08,1.17,51.789
ETHERNET,09/11/20,11:00,4.89,0.81,87.683
ETHERNET,09/11/20,19:00,6.22,1.33,48.237
SSID:SKYFAE7F,09/12/20,18:00,6.15,1.22,46.7
SSID:Sunroom,09/12/20,22:04,6.46,1.32,45.141
ETHERNET,09/13/20,12:58,5.40,1.16,62.424
ETHERNET,09/13/20,20:15,1.18,0.70,78.995
ETHERNET,09/14/20,07:21,5.99,1.41,47.477
ETHERNET,09/14/20,11:00,4.49,0.77,102.783
SSID:Sunroom,09/14/20,18:00,5.35,1.25,44.677
ETHERNET,09/14/20,19:00,5.55,1.13,119.25
ETHERNET,09/15/20,06:56,6.02,1.26,47.225
ETHERNET,09/15/20,11:00,5.89,1.24,56.729
ETHERNET,09/15/20,19:00,6.51,1.32,49.09
ETHERNET,09/16/20,06:45,2.10,1.11,129.763
ETHERNET,09/16/20,11:00,4.34,1.18,50.503
ETHERNET,09/16/20,19:00,6.50,1.32,48.951
ETHERNET,09/17/20,07:24,6.48,1.07,51.777
ETHERNET,09/17/20,11:00,4.79,0.83,53.71
SSID:SKYFAE7F,09/17/20,18:00,5.16,1.30,54.926
ETHERNET,09/17/20,19:00,6.16,1.24,67.791
ETHERNET,09/18/20,07:22,4.68,0.75,51.324
ETHERNET,09/18/20,11:00,6.39,1.19,52.363
ETHERNET,09/18/20,19:00,6.63,1.25,51.02
SSID:VirginWiFi,09/19/20,18:00,10.88,12.98,28.952
SSID:PLUSNET-CRQG,09/21/20,18:00,25.53,8.31,38.08
SSID:PLUSNET-CRQG,09/22/20,10:00,25.79,9.39,33.86
SSID:PLUSNET-CRQG,09/22/20,18:00,4.16,2.50,58.241
SSID:PLUSNET-CRQG,09/23/20,06:11,28.44,9.41,30.721
SSID:PLUSNET-CRQG,09/23/20,10:00,8.13,8.59,32.2
SSID:PLUSNET-CRQG,09/23/20,18:00,5.37,3.72,30.963
SSID:PLUSNET-CRQG,09/24/20,10:00,30.87,9.43,34.073
SSID:PLUSNET-CRQG,09/24/20,18:00,31.95,8.36,31.447
SSID:PLUSNET-CRQG,09/25/20,10:00,30.24,9.53,32.195
SSID:PLUSNET-CRQG,09/26/20,02:00,25.79,9.34,42.006
SSID:PLUSNET-CRQG,09/26/20,10:00,30.61,9.37,37.442
ETHERNET,09/26/20,17:08,6.97,1.34,57.839
ETHERNET,09/26/20,19:00,7.02,1.26,46.614
ETHERNET,09/28/20,08:13,4.12,1.37,63.972
ETHERNET,09/28/20,11:00,5.44,1.08,72.551
ETHERNET,09/28/20,19:00,7.01,1.07,52.235
ETHERNET,09/29/20,09:04,5.90,1.19,69.282
ETHERNET,09/29/20,11:00,3.33,0.48,207.722
ETHERNET,09/29/20,19:00,6.53,1.20,45.934
ETHERNET,09/30/20,06:18,6.59,1.21,50.438
ETHERNET,09/30/20,11:00,6.19,1.25,49.71
ETHERNET,09/30/20,19:00,5.67,0.91,370.92
ETHERNET,10/01/20,06:30,5.99,1.15,50.201
ETHERNET,10/01/20,11:00,6.01,1.20,57.618
ETHERNET,10/01/20,19:00,7.04,1.02,52.204
ETHERNET,10/02/20,09:01,4.92,1.25,143.747
ETHERNET,10/02/20,11:00,6.69,1.24,48.487
ETHERNET,10/02/20,19:01,7.00,1.30,45.679
ETHERNET,10/03/20,08:34,2.85,1.26,59.352
ETHERNET,10/03/20,11:00,6.34,1.26,48.109
SSID:Sunroom,10/03/20,18:00,6.25,1.14,43.541
SSID:Sunroom,10/04/20,02:00,0.89,1.20,46.039
SSID:Sunroom,10/04/20,10:00,0.96,1.22,44.278
ETHERNET,10/04/20,10:38,6.11,1.29,50.02
ETHERNET,10/04/20,11:00,5.98,1.11,46.155
SSID:Sunroom,10/04/20,18:00,6.07,1.05,43.878
ETHERNET,10/05/20,07:19,6.20,1.35,43.804
ETHERNET,10/05/20,11:00,5.77,1.36,48.409
ETHERNET,10/05/20,19:00,6.25,1.26,47.754
ETHERNET,10/06/20,07:35,6.02,0.96,44.131
ETHERNET,10/06/20,11:01,2.29,0.83,290.343
ETHERNET,10/06/20,19:00,6.26,1.41,50.189
ETHERNET,10/07/20,08:58,5.90,1.27,41.487
ETHERNET,10/07/20,11:00,5.31,1.22,68.666
ETHERNET,10/07/20,19:00,6.25,1.34,43.782
ETHERNET,10/08/20,07:10,2.52,1.20,198.253
ETHERNET,10/08/20,11:00,4.93,1.24,47.193
ETHERNET,10/08/20,19:00,5.35,1.36,46.173
ETHERNET,10/09/20,08:08,5.40,1.32,97.433
ETHERNET,10/09/20,11:00,3.19,1.22,48.487
ETHERNET,10/09/20,19:00,6.31,1.39,50.877
ETHERNET,10/10/20,09:35,5.18,0.90,49.927
ETHERNET,10/10/20,11:00,6.04,1.36,47.255
ETHERNET,10/10/20,19:00,4.00,1.42,46.541
ETHERNET,10/11/20,13:54,5.24,1.36,44.059
ETHERNET,10/11/20,19:00,6.11,1.34,44.751
ETHERNET,10/12/20,07:26,5.56,1.24,43.635
ETHERNET,10/12/20,11:00,5.82,1.30,45.74
ETHERNET,10/12/20,15:10,3.58,0.97,278.148
ETHERNET,10/12/20,19:00,5.82,1.33,46.416
ETHERNET,10/13/20,07:25,5.93,1.25,41.3
ETHERNET,10/13/20,11:00,5.00,1.03,59.266
ETHERNET,10/13/20,19:00,5.90,1.45,47.29
ETHERNET,10/14/20,08:51,1.97,1.09,115.247
ETHERNET,10/14/20,11:00,3.64,1.16,46.386
ETHERNET,10/14/20,19:00,6.18,1.28,51.235
ETHERNET,10/15/20,09:13,5.18,1.19,65.13
ETHERNET,10/15/20,10:01,3.77,0.65,352.235
ETHERNET,10/15/20,11:00,5.05,1.02,45.761
ETHERNET,10/15/20,19:00,6.99,1.20,51.598
ETHERNET,10/16/20,05:28,6.63,1.28,47.923
ETHERNET,10/16/20,11:00,5.00,1.21,45.077
ETHERNET,10/16/20,19:00,6.63,1.26,46.529
ETHERNET,10/17/20,10:22,2.61,1.16,80.305
ETHERNET,10/17/20,11:00,6.93,1.44,45.872
SSID:Sunroom,10/17/20,18:01,3.86,0.85,45.778
ETHERNET,10/19/20,07:17,2.40,1.30,45.284
ETHERNET,10/19/20,11:00,6.92,1.29,50.318
ETHERNET,10/19/20,19:00,6.86,1.29,49.441
ETHERNET,10/20/20,07:30,5.64,1.32,43.811
ETHERNET,10/20/20,11:00,4.97,1.20,60.148
ETHERNET,10/20/20,19:00,5.21,1.13,44.085
ETHERNET,10/21/20,08:16,6.14,1.25,46.735
ETHERNET,10/21/20,11:01,1.70,1.15,40.829
ETHERNET,10/21/20,19:00,4.99,1.38,74.443
ETHERNET,10/22/20,09:26,3.82,0.82,149.159
ETHERNET,10/22/20,11:00,5.97,1.10,44.416
ETHERNET,10/22/20,19:00,5.43,1.23,43.467
ETHERNET,10/23/20,08:30,5.92,1.13,46.619
ETHERNET,10/23/20,11:00,5.68,1.10,71.294
ETHERNET,10/23/20,19:00,6.20,1.29,46.389
ETHERNET,10/24/20,07:42,0.57,1.30,222.825
ETHERNET,10/24/20,11:00,6.84,1.35,45.133
ETHERNET,10/24/20,19:00,3.90,0.61,83.953
ETHERNET,10/25/20,07:49,6.61,1.37,47.155
ETHERNET,10/25/20,11:00,6.99,1.41,43.411
ETHERNET,10/25/20,19:29,6.47,1.10,44.966
ETHERNET,10/26/20,08:57,4.82,0.92,41.655
ETHERNET,10/26/20,11:00,6.97,1.35,44.452
ETHERNET,10/26/20,19:00,6.99,1.26,46.596
ETHERNET,10/27/20,09:01,5.99,1.31,48.166
ETHERNET,10/27/20,11:00,5.25,1.41,77.081
ETHERNET,10/27/20,19:00,6.98,1.25,49.886
ETHERNET,10/28/20,12:04,5.98,1.35,45.617
ETHERNET,10/28/20,22:05,5.48,1.18,44.761
ETHERNET,10/29/20,08:28,6.55,1.37,54.365
ETHERNET,10/29/20,11:00,6.59,1.34,40.893
ETHERNET,10/29/20,19:00,6.55,1.36,56.534
ETHERNET,10/30/20,10:28,2.56,1.27,54.117
ETHERNET,10/30/20,11:00,6.65,1.43,44.545
SSID:Sunroom,10/30/20,18:01,6.51,1.36,45.946
ETHERNET,10/30/20,19:00,6.43,1.29,46.147
ETHERNET,10/31/20,12:48,6.48,1.16,44.566
SSID:PLUSNET-CRQG,11/02/20,02:00,27.65,9.50,35.698
SSID:PLUSNET-CRQG,11/02/20,10:00,17.00,9.41,38.162
SSID:PLUSNET-CRQG,11/02/20,18:00,34.17,9.42,35.968
SSID:PLUSNET-CRQG,11/03/20,10:00,28.72,9.25,38.661
SSID:PLUSNET-CRQG,11/04/20,02:00,11.78,9.40,39.267
ETHERNET,11/04/20,16:26,5.71,1.21,46.417
ETHERNET,11/04/20,19:00,2.48,1.16,45.221
ETHERNET,11/05/20,07:20,5.66,1.45,41.595
ETHERNET,11/05/20,11:01,5.62,1.18,40.971
ETHERNET,11/05/20,19:00,1.58,1.39,51.33
SSID:Sunroom,11/06/20,10:00,3.90,1.38,41.871
ETHERNET,11/06/20,13:02,4.08,1.14,58.704
SSID:PLUSNET-CRQG,11/06/20,18:00,29.06,9.16,39.028
SSID:PLUSNET-CRQG,11/07/20,18:00,5.42,8.77,36.534
SSID:PLUSNET-CRQG,11/08/20,02:00,28.19,9.35,42.35
SSID:PLUSNET-CRQG,11/08/20,10:00,22.44,9.03,40.02
SSID:PLUSNET-CRQG,11/09/20,10:00,24.70,8.84,33.802
ETHERNET,11/10/20,10:16,2.82,0.77,56.591
ETHERNET,11/10/20,11:00,5.82,1.35,47.113
ETHERNET,11/11/20,09:05,4.64,1.14,45.328
ETHERNET,11/11/20,11:00,2.67,1.32,44.994
ETHERNET,11/12/20,09:19,5.46,1.28,44.419
ETHERNET,11/12/20,11:00,5.65,1.40,48.206
ETHERNET,11/12/20,19:00,5.78,1.27,45.468
ETHERNET,11/13/20,13:28,4.27,1.10,58.632
ETHERNET,11/14/20,20:42,3.20,1.39,77.536
ETHERNET,11/16/20,18:54,5.51,1.27,44.971
ETHERNET,11/16/20,19:00,3.09,0.81,49.824
ETHERNET,11/17/20,07:55,3.95,1.25,45.132
ETHERNET,11/17/20,10:40,4.11,1.15,99.362
ETHERNET,11/17/20,11:00,5.44,1.22,50.974
ETHERNET,11/17/20,19:00,5.83,1.34,45.809
ETHERNET,11/18/20,08:32,5.25,1.17,47.29
ETHERNET,11/18/20,11:01,5.72,1.28,45.532
ETHERNET,11/18/20,19:00,5.75,1.19,46.506
ETHERNET,11/19/20,07:33,2.35,1.23,104.022
ETHERNET,11/19/20,11:00,4.81,1.13,70.549
ETHERNET,11/19/20,19:00,5.45,1.22,49.046
ETHERNET,11/20/20,08:33,5.25,1.23,92.558
ETHERNET,11/20/20,11:00,5.03,0.97,74.411
SSID:Sunroom,11/20/20,18:00,4.88,1.22,89.448
ETHERNET,11/20/20,19:00,3.81,1.28,86.621
ETHERNET,11/22/20,16:06,3.21,1.00,41.186
ETHERNET,11/22/20,19:00,4.93,1.10,46.808
ETHERNET,11/23/20,09:17,4.10,1.07,66.946
ETHERNET,11/23/20,11:01,4.88,1.18,43.481
SSID:Sunroom,11/23/20,18:00,5.50,1.30,47.638
ETHERNET,11/23/20,19:00,5.49,1.44,53.636
ETHERNET,11/24/20,08:50,1.70,0.93,47.536
ETHERNET,11/24/20,11:00,1.60,1.38,45.645
ETHERNET,11/24/20,19:01,2.00,1.16,127.943
ETHERNET,11/25/20,08:38,5.83,1.24,42.417
ETHERNET,11/25/20,11:00,4.77,1.21,50.989
ETHERNET,11/25/20,19:01,2.56,0.51,452.05
ETHERNET,11/26/20,07:22,4.22,0.56,77.29
ETHERNET,11/26/20,11:00,4.83,1.08,68.494
SSID:SKYFAE7F,11/26/20,18:01,6.74,1.28,37.738
ETHERNET,11/26/20,19:00,5.67,1.31,51.551
SSID:SKYFAE7F,11/27/20,02:01,5.92,1.24,44.489
ETHERNET,11/27/20,09:07,5.62,1.15,43.762
ETHERNET,11/27/20,11:00,6.01,0.88,52.309
SSID:SKYFAE7F,11/27/20,18:00,6.80,1.34,44.029
ETHERNET,11/27/20,19:00,6.72,1.23,49.422
ETHERNET,11/28/20,11:40,5.16,1.33,41.075
SSID:SKYFAE7F,11/28/20,18:00,6.68,1.38,47.73
ETHERNET,11/29/20,10:47,6.09,1.23,41.338
ETHERNET,11/29/20,11:00,5.38,1.20,48.46
ETHERNET,11/29/20,19:01,6.76,1.08,43.733
ETHERNET,11/30/20,08:30,5.11,1.31,37.458
ETHERNET,11/30/20,11:00,6.78,1.22,47.724
ETHERNET,11/30/20,19:00,6.05,1.35,44.827
ETHERNET,12/01/20,11:20,6.50,1.20,79.373
ETHERNET,12/01/20,19:01,6.70,1.36,45.244
ETHERNET,12/02/20,11:27,5.50,1.30,48.607
ETHERNET,12/02/20,19:00,5.23,1.23,43.529
ETHERNET,12/03/20,09:31,4.12,1.00,70.196
ETHERNET,12/03/20,11:00,6.45,1.36,46.835
ETHERNET,12/03/20,19:00,5.77,1.08,90.535
ETHERNET,12/04/20,09:03,4.71,1.13,66.201
ETHERNET,12/04/20,11:00,6.53,1.14,48.487
ETHERNET,12/04/20,19:01,4.11,1.17,78.405
ETHERNET,12/05/20,11:31,7.15,1.38,41.966
ETHERNET,12/05/20,19:00,7.40,1.32,41.292
ETHERNET,12/06/20,15:04,2.77,1.11,92.407
SSID:Sunroom,12/06/20,18:01,3.33,1.27,42.033
ETHERNET,12/06/20,19:01,6.12,1.39,74.543
ETHERNET,12/07/20,07:39,7.55,1.35,47.335
ETHERNET,12/07/20,11:00,7.87,0.91,41.603
ETHERNET,12/07/20,16:23,7.76,1.39,43.309
ETHERNET,12/07/20,16:26,6.13,1.17,42.934
ETHERNET,12/07/20,19:00,8.03,1.32,48.226
ETHERNET,12/08/20,08:50,8.01,1.24,39.415
ETHERNET,12/08/20,11:00,7.98,1.36,37.644
ETHERNET,12/08/20,19:00,7.94,1.38,52.294
ETHERNET,12/09/20,08:40,0.90,1.04,158.472
ETHERNET,12/09/20,11:00,7.88,1.21,42.861
SSID:Sunroom,12/09/20,18:01,3.67,1.24,81.072
ETHERNET,12/09/20,19:00,6.86,1.03,48.233
ETHERNET,12/10/20,03:00,7.65,1.40,40.468
ETHERNET,12/10/20,11:00,7.15,1.21,63.661
ETHERNET,12/10/20,13:20,5.55,0.93,65.41
ETHERNET,12/10/20,13:29,6.07,0.95,68.583ETHERNET,12/10/20,19:00,7.91,1.42,40.928ETHERNET,12/11/20,08:40,4.69,1.17,55.531ETHERNET,12/11/20,11:00,6.48,1.14,70.906ETHERNET,12/11/20,19:00,8.06,1.46,47.797SSID:Sunroom,12/12/20,08:53,4.56,1.02,95.097SSID:Sunroom,12/12/20,08:55,7.62,1.27,37.412SSID:BwcMotoG8,12/12/20,20:27,14.50,14.67,109.676ETHERNET,12/14/20,09:03,5.79,1.31,42.308ETHERNET,12/14/20,11:00,7.04,1.34,48.286ETHERNET,12/14/20,15:11,3.63,0.95,108.061SSID:Sunroom,12/14/20,18:00,5.87,0.85,43.233ETHERNET,12/14/20,19:00,7.09,1.14,48.599SSID:Sunroom,12/14/20,20:18,2.47,1.19,47.939ETHERNET,12/15/20,08:24,5.67,1.10,36.277ETHERNET,12/15/20,11:00,5.50,1.17,47.52ETHERNET,12/15/20,19:00,6.53,1.25,47.772ETHERNET,12/16/20,07:37,4.86,1.12,50.044ETHERNET,12/16/20,09:12,5.28,1.24,129.483ETHERNET,12/16/20,09:14,5.54,1.13,78.968ETHERNET,12/16/20,11:00,5.32,1.01,76.154ETHERNET,12/16/20,19:00,6.51,0.98,45.291ETHERNET,12/17/20,07:39,6.24,1.07,42.987ETHERNET,12/17/20,11:00,5.14,0.86,69.425ETHERNET,12/17/20,19:01,4.51,0.99,59.209ETHERNET,12/17/20,22:38,5.61,1.15,101.364ETHERNET,12/18/20,11:42,6.51,0.95,43.044ETHERNET,12/18/20,19:00,6.42,1.12,48.015ETHERNET,12/19/20,10:12,4.66,1.01,101.173ETHERNET,12/19/20,11:00,7.20,1.20,46.938ETHERNET,12/19/20,20:34,7.25,1.15,46.409ETHERNET,12/20/20,12:23,1.95,0.88,53.865ETHERNET,12/20/20,19:00,5.72,1.04,45.705ETHERNET,12/21/20,09:06,6.50,1.25,34.853ETHERNET,12/21/20,11:00,7.18,1.34,51.307ETHERNET,12/21/20,19:00,5.17,0.96,71.565ETHERNET,12/22/20,06:33,6.62,1.16,48.306ETHERNET,12/22/20,11:01,6.87,1.08,52.899ETHERNET,12/22/20,19:01,5.07,1.23,41.323ETHERNET,12/23/20,10:23,5.04,0.92,38.992ETHERNET,12/23/20,11:00,3.56,0.87,76.949ETHERNET,12/23/20,19:00,4.98,1.17,46.947ETHERNET,12/24/20,09:42,4.36,1.17,41.509ETHERNET,12/24/20,11:00,5.05,1.17,45.786ETHERNET,12/24/20,19:00,4.96,1.30,43.708ETHERNET,12/26/20,12:52,0.58,1.20,61.418ETHERNET,12/26/20,19:01,3.08,0.87,431.622ETHERNET,12/27/20,10:55,3.97,0.53,409.073ETHERNET,12/27/20,11:01,1.80,0.54,352.32SSID:Sunroom,12/27/20,15:40,2.32,1.31,101.783SSID:Sunroom,12/27/20,15:44,3.14,1.39,42.695ETHERNET,12/27/20,16:06,6.44,1.25,38.196ETHERNET,12/27/20,19:01,4.28,0.93,46.745SSID:Sunroom,12/28/20,11:29,6.76,1.34,43.5